Workbook

Sheet data
A1: Order ID | B1: Date | C1: Region | D1: Category | E1: Product | F1: Sales | G1: Profit | H1: Quantity
A2: ORD001 | B2: 45665 | C2: North | D2: Electronics | E2: TV | F2: 2547 | G2: 689.39 | H2: 1
A3: ORD002 | B3: 45776 | C3: West | D3: Electronics | E3: TV | F3: 4103 | G3: 276.23 | H3: 8
A4: ORD003 | B4: 45772 | C4: East | D4: Groceries | E4: Rice | F4: 2049 | G4: 186.66 | H4: 2
A5: ORD004 | B5: 45837 | C5: South | D5: Clothing | E5: Shoes | F5: 2144 | G5: 116.59 | H5: 3
A6: ORD005 | B6: 45717 | C6: North | D6: Electronics | E6: Laptop | F6: 4799 | G6: 1162.47 | H6: 4
A7: ORD006 | B7: 45767 | C7: East | D7: Furniture | E7: Chair | F7: 4883 | G7: 540.39 | H7: 1
A8: ORD007 | B8: 45786 | C8: North | D8: Furniture | E8: Sofa | F8: 2189 | G8: 635.1 | H8: 7
A9: ORD008 | B9: 45749 | C9: East | D9: Furniture | E9: Table | F9: 515 | G9: 71.65 | H9: 1
A10: ORD009 | B10: 45672 | C10: North | D10: Groceries | E10: Rice | F10: 1740 | G10: 129.46 | H10: 5
A11: ORD010 | B11: 45732 | C11: West | D11: Clothing | E11: Jeans | F11: 3098 | G11: 283.86 | H11: 9
A12: ORD011 | B12: 45678 | C12: North | D12: Groceries | E12: Rice | F12: 4548 | G12: 948.98 | H12: 3
A13: ORD012 | B13: 45717 | C13: East | D13: Furniture | E13: Sofa | F13: 2276 | G13: 539.81 | H13: 10
... A101: ORD100 | B101: 45794 | C101: South | D101: Furniture | E101: Chair | F101: 3808 | G101: 925.58 | H101: 7

Sheet formula
A1: Order ID | B1: Sales | C1: Profit | D1: Performance | E1: Product Lookup | F1: INDEX-MATCH
A2: =data!A2 -> ORD001 | B2: =data!F2 -> 2547 | C2: =data!G2 -> 689.39 | D2: =IF(B2>3000,"High Sales","Low Sales") -> Low Sales | E2: =VLOOKUP(A2,data!A:H,5,FALSE) -> TV | F2: =INDEX(data!E:E,MATCH(A2,data!A:A,0)) -> TV
A3: =data!A3 -> ORD002 | B3: =data!F3 -> 4103 | C3: =data!G3 -> 276.23 | D3: =IF(B3>3000,"High Sales","Low Sales") -> High Sales | E3: =VLOOKUP(A3,data!A:H,5,FALSE) -> TV | F3: =INDEX(data!E:E,MATCH(A3,data!A:A,0)) -> TV
A4: =data!A4 -> ORD003 | B4: =data!F4 -> 2049 | C4: =data!G4 -> 186.66 | D4: =IF(B4>3000,"High Sales","Low Sales") -> Low Sales | E4: =VLOOKUP(A4,data!A:H,5,FALSE) -> Rice | F4: =INDEX(data!E:E,MATCH(A4,data!A:A,0)) -> Rice
A5: =data!A5 -> ORD004 | B5: =data!F5 -> 2144 | C5: =data!G5 -> 116.59 | D5: =IF(B5>3000,"High Sales","Low Sales") -> Low Sales | E5: =VLOOKUP(A5,data!A:H,5,FALSE) -> Shoes | F5: =INDEX(data!E:E,MATCH(A5,data!A:A,0)) -> Shoes
A6: =data!A6 -> ORD005 | B6: =data!F6 -> 4799 | C6: =data!G6 -> 1162.47 | D6: =IF(B6>3000,"High Sales","Low Sales") -> High Sales | E6: =VLOOKUP(A6,data!A:H,5,FALSE) -> Laptop | F6: =INDEX(data!E:E,MATCH(A6,data!A:A,0)) -> Laptop
A7: =data!A7 -> ORD006 | B7: =data!F7 -> 4883 | C7: =data!G7 -> 540.39 | D7: =IF(B7>3000,"High Sales","Low Sales") -> High Sales | E7: =VLOOKUP(A7,data!A:H,5,FALSE) -> Chair | F7: =INDEX(data!E:E,MATCH(A7,data!A:A,0)) -> Chair
A8: =data!A8 -> ORD007 | B8: =data!F8 -> 2189 | C8: =data!G8 -> 635.1 | D8: =IF(B8>3000,"High Sales","Low Sales") -> Low Sales | E8: =VLOOKUP(A8,data!A:H,5,FALSE) -> Sofa | F8: =INDEX(data!E:E,MATCH(A8,data!A:A,0)) -> Sofa
A9: =data!A9 -> ORD008 | B9: =data!F9 -> 515 | C9: =data!G9 -> 71.65 | D9: =IF(B9>3000,"High Sales","Low Sales") -> Low Sales | E9: =VLOOKUP(A9,data!A:H,5,FALSE) -> Table | F9: =INDEX(data!E:E,MATCH(A9,data!A:A,0)) -> Table
A10: =data!A10 -> ORD009 | B10: =data!F10 -> 1740 | C10: =data!G10 -> 129.46 | D10: =IF(B10>3000,"High Sales","Low Sales") -> Low Sales | E10: =VLOOKUP(A10,data!A:H,5,FALSE) -> Rice | F10: =INDEX(data!E:E,MATCH(A10,data!A:A,0)) -> Rice
A11: =data!A11 -> ORD010 | B11: =data!F11 -> 3098 | C11: =data!G11 -> 283.86 | D11: =IF(B11>3000,"High Sales","Low Sales") -> High Sales | E11: =VLOOKUP(A11,data!A:H,5,FALSE) -> Jeans | F11: =INDEX(data!E:E,MATCH(A11,data!A:A,0)) -> Jeans
A12: =data!A12 -> ORD011 | B12: =data!F12 -> 4548 | C12: =data!G12 -> 948.98 | D12: =IF(B12>3000,"High Sales","Low Sales") -> High Sales | E12: =VLOOKUP(A12,data!A:H,5,FALSE) -> Rice | F12: =INDEX(data!E:E,MATCH(A12,data!A:A,0)) -> Rice
A13: =data!A13 -> ORD012 | B13: =data!F13 -> 2276 | C13: =data!G13 -> 539.81 | D13: =IF(B13>3000,"High Sales","Low Sales") -> Low Sales | E13: =VLOOKUP(A13,data!A:H,5,FALSE) -> Sofa | F13: =INDEX(data!E:E,MATCH(A13,data!A:A,0)) -> Sofa
... A15: =data!A15 -> ORD014 | B15: =data!F15 -> 1587 | C15: =data!G15 -> 227.63 | D15: =IF(B15>3000,"High Sales","Low Sales") -> Low Sales | E15: =VLOOKUP(A15,data!A:H,5,FALSE) -> Laptop | F15: =INDEX(data!E:E,MATCH(A15,data!A:A,0)) -> Laptop

Sheet dashboard
A1: Total Sales | B1: 281461
A2: Total Profit | B2: =SUM(data!G2:G101) -> 47168.42
A3: Total Quantity | B3: =SUM(data!H2:H101) -> 547
A5: Region | B5: Sales
A6: North | B6: =SUMIF(data!C:C,A6,data!F:F) -> 70809
A7: South | B7: =SUMIF(data!C:C,A7,data!F:F) -> 70736
A8: East | B8: =SUMIF(data!C:C,A8,data!F:F) -> 65350
A9: West | B9: =SUMIF(data!C:C,A9,data!F:F) -> 74566
